{"cameraMode":{"drawMode":0,"name":"Shaded","section":"Shading Mode"},"sceneLighting":true,"audioPlay":false,"sceneViewState":{"m_AlwaysRefresh":true,"showFog":false,"showSkybox":true,"showFlares":true,"showImageEffects":false,"showParticleSystems":true,"showVisualEffectGraphs":true,"m_FxEnabled":true},"in2DMode":false,"pivot":{"x":-0.9218688011169434,"y":2.364903211593628,"z":1.7456514835357667},"rotation":{"x":0.01018828246742487,"y":0.01859530434012413,"z":0.0001897768524941057,"w":-0.9997760057449341},"size":3.3187122344970705,"orthographic":false}